-- phpMyAdmin SQL Dump
-- version 5.0.3
-- https://www.phpmyadmin.net/
--
-- Host: 127.0.0.1
-- Generation Time: Apr 11, 2021 at 08:58 PM
-- Server version: 10.4.14-MariaDB
-- PHP Version: 7.2.34

SET SQL_MODE = "NO_AUTO_VALUE_ON_ZERO";
START TRANSACTION;
SET time_zone = "+00:00";


/*!40101 SET @OLD_CHARACTER_SET_CLIENT=@@CHARACTER_SET_CLIENT */;
/*!40101 SET @OLD_CHARACTER_SET_RESULTS=@@CHARACTER_SET_RESULTS */;
/*!40101 SET @OLD_COLLATION_CONNECTION=@@COLLATION_CONNECTION */;
/*!40101 SET NAMES utf8mb4 */;

--
-- Database: `groceryapp`
--

-- --------------------------------------------------------

--
-- Table structure for table `images`
--

CREATE TABLE `images` (
  `id` int(11) NOT NULL,
  `productID` varchar(255) NOT NULL,
  `url` varchar(255) NOT NULL
) ENGINE=InnoDB DEFAULT CHARSET=utf8mb4;

--
-- Dumping data for table `images`
--

INSERT INTO `images` (`id`, `productID`, `url`) VALUES
(178, '191', 'https://picsum.photos/200/300'),
(179, '192', 'https://picsum.photos/200/300'),
(180, '193', 'https://picsum.photos/200/300'),
(181, '194', 'https://picsum.photos/200/300'),
(182, '195', 'https://picsum.photos/200/300'),
(183, '196', 'https://picsum.photos/200/300'),
(184, '197', 'https://picsum.photos/200/300'),
(185, '198', 'https://picsum.photos/200/300'),
(186, '199', 'https://picsum.photos/200/300'),
(187, '200', 'https://picsum.photos/200/300'),
(188, '201', 'https://picsum.photos/200/300'),
(189, '202', 'https://picsum.photos/200/300'),
(190, '203', 'https://picsum.photos/200/300'),
(191, '204', 'https://picsum.photos/200/300'),
(192, '205', 'https://picsum.photos/200/300'),
(193, '206', 'https://picsum.photos/200/300'),
(194, '207', 'https://picsum.photos/200/300'),
(195, '208', 'https://picsum.photos/200/300'),
(196, '210', 'https://picsum.photos/200/300'),
(197, '209', 'https://picsum.photos/200/300'),
(198, '211', 'https://picsum.photos/200/300'),
(199, '212', 'https://picsum.photos/200/300'),
(200, '213', 'https://picsum.photos/200/300'),
(201, '214', 'https://picsum.photos/200/300'),
(202, '215', 'https://picsum.photos/200/300'),
(203, '216', 'https://picsum.photos/200/300'),
(204, '217', 'https://picsum.photos/200/300'),
(205, '218', 'https://picsum.photos/200/300'),
(206, '219', 'https://picsum.photos/200/300'),
(207, '220', 'https://picsum.photos/200/300'),
(208, '221', 'https://picsum.photos/200/300'),
(209, '222', 'https://picsum.photos/200/300'),
(210, '223', 'https://picsum.photos/200/300'),
(211, '224', 'https://picsum.photos/200/300'),
(212, '225', 'https://picsum.photos/200/300'),
(213, '226', 'https://picsum.photos/200/300'),
(214, '230', 'https://picsum.photos/200/300'),
(215, '228', 'https://picsum.photos/200/300'),
(216, '231', 'https://picsum.photos/200/300'),
(217, '229', 'https://picsum.photos/200/300'),
(218, '227', 'https://picsum.photos/200/300'),
(219, '232', 'https://picsum.photos/200/300'),
(220, '233', 'https://picsum.photos/200/300'),
(221, '234', 'https://picsum.photos/200/300'),
(222, '236', 'https://picsum.photos/200/300'),
(223, '238', 'https://picsum.photos/200/300'),
(224, '239', 'https://picsum.photos/200/300'),
(225, '237', 'https://picsum.photos/200/300'),
(226, '235', 'https://picsum.photos/200/300'),
(227, '240', 'https://picsum.photos/200/300'),
(228, '241', 'https://picsum.photos/200/300'),
(229, '242', 'https://picsum.photos/200/300'),
(230, '243', 'https://picsum.photos/200/300'),
(231, '244', 'https://picsum.photos/200/300'),
(232, '246', 'https://picsum.photos/200/300'),
(233, '245', 'https://picsum.photos/200/300'),
(234, '247', 'https://picsum.photos/200/300'),
(235, '249', 'https://picsum.photos/200/300'),
(236, '248', 'https://picsum.photos/200/300'),
(237, '250', 'https://picsum.photos/200/300'),
(238, '251', 'https://picsum.photos/200/300'),
(239, '252', 'https://picsum.photos/200/300'),
(240, '254', 'https://picsum.photos/200/300'),
(241, '253', 'https://picsum.photos/200/300'),
(242, '255', 'https://picsum.photos/200/300'),
(243, '256', 'https://picsum.photos/200/300'),
(244, '257', 'https://picsum.photos/200/300'),
(245, '258', 'https://picsum.photos/200/300'),
(246, '259', 'https://picsum.photos/200/300'),
(247, '260', 'https://picsum.photos/200/300'),
(248, '261', 'https://picsum.photos/200/300'),
(249, '262', 'https://picsum.photos/200/300'),
(250, '263', 'https://picsum.photos/200/300'),
(251, '264', 'https://picsum.photos/200/300'),
(252, '265', 'https://picsum.photos/200/300'),
(253, '266', 'https://picsum.photos/200/300'),
(254, '267', 'https://picsum.photos/200/300'),
(255, '268', 'https://picsum.photos/200/300'),
(256, '269', 'https://picsum.photos/200/300'),
(257, '270', 'https://picsum.photos/200/300'),
(258, '271', 'https://picsum.photos/200/300'),
(259, '272', 'https://picsum.photos/200/300'),
(260, '273', 'https://picsum.photos/200/300'),
(261, '275', 'https://picsum.photos/200/300'),
(262, '274', 'https://picsum.photos/200/300'),
(263, '277', 'https://picsum.photos/200/300'),
(264, '276', 'https://picsum.photos/200/300'),
(265, '279', 'https://picsum.photos/200/300'),
(266, '278', 'https://picsum.photos/200/300'),
(267, '280', 'https://picsum.photos/200/300'),
(268, '281', 'https://picsum.photos/200/300'),
(269, '282', 'https://picsum.photos/200/300'),
(270, '283', 'https://picsum.photos/200/300'),
(271, '284', 'https://picsum.photos/200/300'),
(272, '285', 'https://picsum.photos/200/300'),
(273, '286', 'https://picsum.photos/200/300'),
(274, '287', 'https://picsum.photos/200/300'),
(275, '288', 'https://picsum.photos/200/300'),
(276, '289', 'https://picsum.photos/200/300'),
(277, '290', 'https://picsum.photos/200/300'),
(278, '291', 'https://picsum.photos/200/300'),
(279, '292', 'https://picsum.photos/200/300'),
(280, '293', 'https://picsum.photos/200/300'),
(281, '294', 'https://picsum.photos/200/300'),
(282, '295', 'https://picsum.photos/200/300'),
(283, '296', 'https://picsum.photos/200/300'),
(284, '297', 'https://picsum.photos/200/300'),
(285, '298', 'https://picsum.photos/200/300'),
(286, '299', 'https://picsum.photos/200/300'),
(287, '300', 'https://picsum.photos/200/300'),
(288, '301', 'https://picsum.photos/200/300'),
(289, '302', 'https://picsum.photos/200/300'),
(290, '303', 'https://picsum.photos/200/300'),
(291, '305', 'https://picsum.photos/200/300'),
(292, '304', 'https://picsum.photos/200/300'),
(293, '306', 'https://picsum.photos/200/300'),
(294, '307', 'https://picsum.photos/200/300'),
(295, '308', 'https://picsum.photos/200/300'),
(296, '310', 'https://picsum.photos/200/300'),
(297, '309', 'https://picsum.photos/200/300'),
(298, '311', 'https://picsum.photos/200/300'),
(299, '312', 'https://picsum.photos/200/300'),
(300, '313', 'https://picsum.photos/200/300'),
(301, '314', 'https://picsum.photos/200/300'),
(302, '315', 'https://picsum.photos/200/300'),
(303, '316', 'https://picsum.photos/200/300'),
(304, '317', 'https://picsum.photos/200/300'),
(305, '318', 'https://picsum.photos/200/300'),
(306, '319', 'https://picsum.photos/200/300'),
(307, '320', 'https://picsum.photos/200/300'),
(308, '321', 'https://picsum.photos/200/300'),
(309, '322', 'https://picsum.photos/200/300'),
(310, '323', 'https://picsum.photos/200/300'),
(311, '324', 'https://picsum.photos/200/300'),
(312, '325', 'https://picsum.photos/200/300'),
(313, '326', 'https://picsum.photos/200/300'),
(314, '327', 'https://picsum.photos/200/300'),
(315, '328', 'https://picsum.photos/200/300'),
(316, '329', 'https://picsum.photos/200/300'),
(317, '330', 'https://picsum.photos/200/300'),
(318, '331', 'https://picsum.photos/200/300'),
(319, '332', 'https://picsum.photos/200/300'),
(320, '333', 'https://picsum.photos/200/300'),
(321, '334', 'https://picsum.photos/200/300'),
(322, '335', 'https://picsum.photos/200/300'),
(323, '336', 'https://picsum.photos/200/300'),
(324, '337', 'https://picsum.photos/200/300'),
(325, '338', 'https://picsum.photos/200/300'),
(326, '339', 'https://picsum.photos/200/300'),
(327, '340', 'https://picsum.photos/200/300'),
(328, '341', 'https://picsum.photos/200/300'),
(329, '342', 'https://picsum.photos/200/300'),
(330, '343', 'https://picsum.photos/200/300'),
(331, '344', 'https://picsum.photos/200/300'),
(332, '345', 'https://picsum.photos/200/300'),
(333, '346', 'https://picsum.photos/200/300'),
(334, '347', 'https://picsum.photos/200/300'),
(335, '349', 'https://picsum.photos/200/300'),
(336, '348', 'https://picsum.photos/200/300'),
(337, '350', 'https://picsum.photos/200/300'),
(338, '351', 'https://picsum.photos/200/300'),
(339, '352', 'https://picsum.photos/200/300'),
(340, '353', 'https://picsum.photos/200/300'),
(341, '354', 'https://picsum.photos/200/300'),
(342, '355', 'https://picsum.photos/200/300'),
(343, '356', 'https://picsum.photos/200/300'),
(344, '357', 'https://picsum.photos/200/300'),
(345, '358', 'https://picsum.photos/200/300'),
(346, '359', 'https://picsum.photos/200/300'),
(347, '360', 'C:\\Users\\16479\\Desktop\\groceryApp\\backend/public/1611512101175-download.jpg.jfif'),
(348, '360', 'C:\\Users\\16479\\Desktop\\groceryApp\\backend/public/1611512101583-img_lights.jpg'),
(349, '360', 'C:\\Users\\16479\\Desktop\\groceryApp\\backend/public/1611512101584-WeChat Image_20201229152307.jpg'),
(350, '361', 'C:\\Users\\16479\\Desktop\\groceryApp\\backend/public/1611890885244-download.jpg.jfif'),
(351, '361', 'C:\\Users\\16479\\Desktop\\groceryApp\\backend/public/1611890885304-img_lights.jpg'),
(352, '362', 'C:\\Users\\16479\\Desktop\\groceryApp\\backend/public/1613453289201-img_lights.jpg'),
(353, '363', 'C:\\Users\\16479\\Desktop\\groceryApp\\backend/public/1613710655516-img_lights.jpg'),
(354, '364', 'C:\\Users\\16479\\Desktop\\groceryApp\\backend/public/1614828518225-Magic Badge.jpg'),
(355, '365', 'C:\\Users\\16479\\Desktop\\groceryApp\\backend/public/1614829489875-Magic Badge.jpg'),
(356, '366', 'C:\\Users\\16479\\Desktop\\groceryApp\\backend/public/1614829948412-Magic Badge.jpg');

-- --------------------------------------------------------

--
-- Table structure for table `options`
--

CREATE TABLE `options` (
  `optionId` int(11) NOT NULL,
  `value` varchar(255) NOT NULL,
  `price` varchar(255) NOT NULL,
  `VId` varchar(225) NOT NULL
) ENGINE=InnoDB DEFAULT CHARSET=utf8mb4;

--
-- Dumping data for table `options`
--

INSERT INTO `options` (`optionId`, `value`, `price`, `VId`) VALUES
(171, '红', '11', 'c0e62128-1769-44da-b6f5-80a888d58431'),
(172, '绿', '22', 'c0e62128-1769-44da-b6f5-80a888d58431'),
(173, '红', '11', '10834a7c-76a4-4b0c-ba2e-8bb3f476326a'),
(174, '绿', '22', '10834a7c-76a4-4b0c-ba2e-8bb3f476326a'),
(175, '红', '11', '4ec7fac3-613b-47af-b01e-f2e83278b571'),
(176, '绿', '22', '4ec7fac3-613b-47af-b01e-f2e83278b571'),
(177, '红', '11', 'dcd2945b-b2e5-4d9a-9d57-4e9765c261f3'),
(178, '绿', '22', 'dcd2945b-b2e5-4d9a-9d57-4e9765c261f3'),
(179, '红', '11', '600012db-74a8-432d-a68c-00f878fde8ed'),
(180, '绿', '22', '600012db-74a8-432d-a68c-00f878fde8ed'),
(181, '红', '11', 'ea085a71-9f2d-447f-9e8e-8b32d8dbbc15'),
(182, '绿', '22', 'ea085a71-9f2d-447f-9e8e-8b32d8dbbc15'),
(183, '红', '11', 'c7cb20c8-997d-4f7d-a124-1ed5d9a77db1'),
(184, '绿', '22', 'c7cb20c8-997d-4f7d-a124-1ed5d9a77db1'),
(185, '红', '11', '5c1a2ce9-8ad7-4e7a-86d4-2851ed7e9581'),
(186, '绿', '22', '5c1a2ce9-8ad7-4e7a-86d4-2851ed7e9581'),
(187, '红', '11', '5998d1b8-df96-48d5-b1de-574563c00d59'),
(188, '绿', '22', '5998d1b8-df96-48d5-b1de-574563c00d59'),
(189, '红', '11', '92384aa8-90de-43ff-8264-133ee12a08e9'),
(190, '绿', '22', '92384aa8-90de-43ff-8264-133ee12a08e9'),
(191, '红', '11', '58c76eca-3cd8-4517-bf60-07cbd8cfb325'),
(192, '绿', '22', '58c76eca-3cd8-4517-bf60-07cbd8cfb325'),
(193, '红', '11', '09c60d4e-16ed-47e8-94ed-97d5d28cb6d6'),
(194, '绿', '22', '09c60d4e-16ed-47e8-94ed-97d5d28cb6d6'),
(195, '红', '11', '8f1346bc-3619-4187-b5c2-7879eb7f70b8'),
(196, '绿', '22', '8f1346bc-3619-4187-b5c2-7879eb7f70b8'),
(197, '红', '11', 'c25f2f92-1bbc-4152-a6d6-31c58c9bbd67'),
(198, '绿', '22', 'c25f2f92-1bbc-4152-a6d6-31c58c9bbd67'),
(199, '红', '11', 'b765dfbe-58fb-458f-9764-2d2330360a62'),
(200, '绿', '22', 'b765dfbe-58fb-458f-9764-2d2330360a62'),
(201, '红', '11', '5bf200e7-d9e1-45c0-a55c-67e7b0daa3f4'),
(202, '绿', '22', '5bf200e7-d9e1-45c0-a55c-67e7b0daa3f4'),
(203, '红', '11', '65e5d57e-64f5-46c0-9735-315592340ece'),
(204, '绿', '22', '65e5d57e-64f5-46c0-9735-315592340ece'),
(205, '红', '11', 'daf1e3b7-2b63-4853-9638-cb1af5547c1e'),
(206, '绿', '22', 'daf1e3b7-2b63-4853-9638-cb1af5547c1e'),
(207, '红', '11', 'eee7c8fe-07a8-4c81-8f72-935a0b13ae53'),
(208, '绿', '22', 'eee7c8fe-07a8-4c81-8f72-935a0b13ae53'),
(209, '红', '11', '5e9ef0e6-e31d-4a1a-b43d-2b1d51e3bbdc'),
(210, '绿', '22', '5e9ef0e6-e31d-4a1a-b43d-2b1d51e3bbdc'),
(211, '红', '11', 'eb699ce0-a495-4ec5-9386-ab391960823b'),
(212, '绿', '22', 'eb699ce0-a495-4ec5-9386-ab391960823b'),
(213, '红', '11', '98ab28eb-1611-4229-a6a1-ac9c4b29ffa7'),
(214, '绿', '22', '98ab28eb-1611-4229-a6a1-ac9c4b29ffa7'),
(215, '红', '11', '9bdb5eee-9fbc-456c-ac07-92f907111c7d'),
(216, '绿', '22', '9bdb5eee-9fbc-456c-ac07-92f907111c7d'),
(217, '红', '11', '8e369b43-2ad2-429e-9e54-508344a25a59'),
(218, '绿', '22', '8e369b43-2ad2-429e-9e54-508344a25a59'),
(219, '红', '11', 'a4e689cb-d9d1-4878-980e-5c30d5f08d0c'),
(220, '绿', '22', 'a4e689cb-d9d1-4878-980e-5c30d5f08d0c'),
(221, '红', '11', 'ecd9e81b-f9ec-4e5b-9608-90f8c686de9a'),
(222, '绿', '22', 'ecd9e81b-f9ec-4e5b-9608-90f8c686de9a'),
(223, '红', '11', '4d46a797-1fd3-46cf-9241-e5e7502bcbb7'),
(224, '绿', '22', '4d46a797-1fd3-46cf-9241-e5e7502bcbb7'),
(225, '红', '11', 'adb21836-6c2c-4153-bbb0-51d50b2d8141'),
(226, '绿', '22', 'adb21836-6c2c-4153-bbb0-51d50b2d8141'),
(227, '红', '11', 'c2ddb8af-3659-4f32-9e1b-f9cf73659e01'),
(228, '绿', '22', 'c2ddb8af-3659-4f32-9e1b-f9cf73659e01'),
(229, '红', '11', 'c709dc00-97cb-4b8b-bee2-c0901db2c44d'),
(230, '绿', '22', 'c709dc00-97cb-4b8b-bee2-c0901db2c44d'),
(231, '红', '11', '36270cac-e028-4fd9-bed8-1db0d79bcfe7'),
(232, '绿', '22', '36270cac-e028-4fd9-bed8-1db0d79bcfe7'),
(233, '红', '11', '1efd476d-028c-4894-8f68-36c4cd99c1ea'),
(234, '绿', '22', '1efd476d-028c-4894-8f68-36c4cd99c1ea'),
(235, '红', '11', '4abbddc9-534a-4f44-bfc1-714f2afc2616'),
(236, '绿', '22', '4abbddc9-534a-4f44-bfc1-714f2afc2616'),
(237, '红', '11', '9c1c9cb6-9eeb-46cb-91ba-052916d0ecd8'),
(238, '绿', '22', '9c1c9cb6-9eeb-46cb-91ba-052916d0ecd8'),
(239, '红', '11', '3e728343-ff89-4fb2-982d-62be1012558c'),
(240, '绿', '22', '3e728343-ff89-4fb2-982d-62be1012558c'),
(241, '红', '11', 'bac6347a-02d6-40d6-802d-47003ad3b58d'),
(242, '绿', '22', 'bac6347a-02d6-40d6-802d-47003ad3b58d'),
(243, '红', '11', 'ca64d5b3-9b2e-444b-9a7b-46f4c5fd5a65'),
(244, '绿', '22', 'ca64d5b3-9b2e-444b-9a7b-46f4c5fd5a65'),
(245, '红', '11', '0385d8d1-e5c6-4395-845d-1ddf693315c5'),
(246, '绿', '22', '0385d8d1-e5c6-4395-845d-1ddf693315c5'),
(247, '红', '11', 'eac46a31-3254-4c1e-94b5-fa371f7e8f93'),
(248, '绿', '22', 'eac46a31-3254-4c1e-94b5-fa371f7e8f93'),
(249, '红', '11', '94c9de54-5081-4882-9185-7c3cb6c9a00b'),
(250, '绿', '22', '94c9de54-5081-4882-9185-7c3cb6c9a00b'),
(251, '红', '11', '2c7d415f-b15b-4991-a1e0-6c23c04e2b54'),
(252, '绿', '22', '2c7d415f-b15b-4991-a1e0-6c23c04e2b54'),
(253, '11', '11', '707bbd02-a72e-4a4a-b5b4-4b81ea071757'),
(254, '22', '22', '707bbd02-a72e-4a4a-b5b4-4b81ea071757'),
(255, 'adaddddd', '1', 'f425ee39-3fb2-4bc7-85ab-c613c87751d4'),
(256, 'dasdssdd', '2', 'f425ee39-3fb2-4bc7-85ab-c613c87751d4'),
(257, 'adaddddd', '1', 'c7204eda-67e3-416b-aec7-b662e5aef332'),
(258, 'dasdssdd', '2', 'c7204eda-67e3-416b-aec7-b662e5aef332'),
(259, 'adaddddd', '1', '1f5c75e0-e822-46d8-92ab-c1a62058974d'),
(260, 'dasdssdd', '2', '1f5c75e0-e822-46d8-92ab-c1a62058974d'),
(261, 'adaddddd', '1', '3e52edf8-f067-4ff2-ab2c-6c7232229b8b'),
(262, 'dasdssdd', '2', '3e52edf8-f067-4ff2-ab2c-6c7232229b8b'),
(263, 'adaddddd', '1', '2cf35d9d-75c8-46ac-b175-ffda737b7568'),
(264, 'dasdssdd', '2', '2cf35d9d-75c8-46ac-b175-ffda737b7568'),
(265, 'adaddddd', '1', 'a934539b-448f-494c-9e69-4453673c67d1'),
(266, 'dasdssdd', '2', 'a934539b-448f-494c-9e69-4453673c67d1'),
(267, 'adaddddd', '1', '64740826-1230-473a-bee6-d0a05aec0464'),
(268, 'dasdssdd', '2', '64740826-1230-473a-bee6-d0a05aec0464'),
(269, 'adaddddd', '1', '8a63695b-d5f2-42b8-8a9b-2c9126864937'),
(270, 'dasdssdd', '2', '8a63695b-d5f2-42b8-8a9b-2c9126864937'),
(271, 'adaddddd', '1', '9b6d0fe8-26c8-4521-95c6-5280e60bdd9b'),
(272, 'dasdssdd', '2', '9b6d0fe8-26c8-4521-95c6-5280e60bdd9b'),
(273, 'adaddddd', '1', '0183c63d-7510-402d-9b3d-49be928eaaf2'),
(274, 'dasdssdd', '2', '0183c63d-7510-402d-9b3d-49be928eaaf2'),
(275, 'adaddddd', '1', 'f4b5ec2d-9f0e-46ec-91c1-eec93f785eab'),
(276, 'dasdssdd', '2', 'f4b5ec2d-9f0e-46ec-91c1-eec93f785eab'),
(277, 'adaddddd', '1', 'da80fcc0-0b56-430c-8908-37ccd3c5d9ab'),
(278, 'dasdssdd', '2', 'da80fcc0-0b56-430c-8908-37ccd3c5d9ab'),
(279, 'adaddddd', '1', '857e840e-8528-4380-9538-55c64d295003'),
(280, 'dasdssdd', '2', '857e840e-8528-4380-9538-55c64d295003'),
(281, 'adaddddd', '1', '3c186b3e-4cbd-4bfc-8653-8163792db11e'),
(282, 'dasdssdd', '2', '3c186b3e-4cbd-4bfc-8653-8163792db11e'),
(283, 'adaddddd', '1', '84d0be45-b46a-45f7-971e-03cf86ef472f'),
(284, 'dasdssdd', '2', '84d0be45-b46a-45f7-971e-03cf86ef472f'),
(285, 'adaddddd', '1', 'c187b8df-35a8-45fa-a517-a3d151835a5d'),
(286, 'dasdssdd', '2', 'c187b8df-35a8-45fa-a517-a3d151835a5d'),
(287, 'adaddddd', '1', '6dbbb69a-1531-4c59-a89e-38f1310c69df'),
(288, 'dasdssdd', '2', '6dbbb69a-1531-4c59-a89e-38f1310c69df'),
(289, 'adaddddd', '1', '162e8f10-5bef-43fa-8a34-533ce6f5fef8'),
(290, 'dasdssdd', '2', '162e8f10-5bef-43fa-8a34-533ce6f5fef8'),
(291, 'adaddddd', '1', 'c07fec6d-bf76-401b-9cdf-4006f1c7db72'),
(292, 'dasdssdd', '2', 'c07fec6d-bf76-401b-9cdf-4006f1c7db72'),
(293, 'adaddddd', '1', 'ecf2751f-31bb-4bf7-bc46-3467be0b9d72'),
(294, 'dasdssdd', '2', 'ecf2751f-31bb-4bf7-bc46-3467be0b9d72'),
(295, 'adaddddd', '1', '7ba91842-bfe8-4d0f-99e5-ad0924bcd5db'),
(296, 'dasdssdd', '2', '7ba91842-bfe8-4d0f-99e5-ad0924bcd5db'),
(297, 'adaddddd', '1', '9ebb3a42-d7b5-417d-b55e-75a4af76b5de'),
(298, 'dasdssdd', '2', '9ebb3a42-d7b5-417d-b55e-75a4af76b5de'),
(299, 'adaddddd', '1', '24a4f06f-fd81-4f6d-b386-3066191d1a3c'),
(300, 'dasdssdd', '2', '24a4f06f-fd81-4f6d-b386-3066191d1a3c'),
(301, 'adaddddd', '1', 'c16fabaf-6e61-4670-b49f-e109ac1c6a52'),
(302, 'dasdssdd', '2', 'c16fabaf-6e61-4670-b49f-e109ac1c6a52'),
(303, 'adaddddd', '1', 'cb554918-cbca-467e-a180-8ab345f3cbe3'),
(304, 'dasdssdd', '2', 'cb554918-cbca-467e-a180-8ab345f3cbe3'),
(305, 'adaddddd', '1', '4da9a288-bdca-4b6d-8e51-464760248d9a'),
(306, 'dasdssdd', '2', '4da9a288-bdca-4b6d-8e51-464760248d9a'),
(307, 'adaddddd', '1', 'd706701f-3d09-4380-94b2-2fa750f669f2'),
(308, 'dasdssdd', '2', 'd706701f-3d09-4380-94b2-2fa750f669f2'),
(309, 'adaddddd', '1', 'df7fa082-57d4-448a-9ff3-cb21572699fe'),
(310, 'dasdssdd', '2', 'df7fa082-57d4-448a-9ff3-cb21572699fe'),
(311, 'adaddddd', '1', 'bcb4ca1b-cfe4-428d-bada-096e3e0a72a4'),
(312, 'dasdssdd', '2', 'bcb4ca1b-cfe4-428d-bada-096e3e0a72a4'),
(313, 'adaddddd', '1', 'ab1601cc-8241-4c9c-b6ba-5961162a9af5'),
(314, 'dasdssdd', '2', 'ab1601cc-8241-4c9c-b6ba-5961162a9af5'),
(315, 'adaddddd', '1', 'db7e0281-f86c-4d7a-aaeb-fbc8944b1e07'),
(316, 'dasdssdd', '2', 'db7e0281-f86c-4d7a-aaeb-fbc8944b1e07'),
(317, '2', '2', '2c6aee6a-9fc5-4495-b209-1d95c9010f08'),
(318, '2', '1', '2c6aee6a-9fc5-4495-b209-1d95c9010f08'),
(319, '2', '2', 'a161bde0-c5b1-41a4-96bf-3d228d1d8df5'),
(320, '2', '1', 'a161bde0-c5b1-41a4-96bf-3d228d1d8df5'),
(321, '2', '2', '9a9bb333-35da-48f4-99c2-9d1e967e156e'),
(322, '2', '1', '9a9bb333-35da-48f4-99c2-9d1e967e156e'),
(323, '2', '2', '7f43e16a-4ca9-4b88-bbdb-cf958d60e6ed'),
(324, '2', '1', '7f43e16a-4ca9-4b88-bbdb-cf958d60e6ed'),
(325, '2', '2', '3ad98e3c-2333-4630-b609-e774c6a1b86e'),
(326, '2', '1', '3ad98e3c-2333-4630-b609-e774c6a1b86e'),
(327, '2', '2', 'ecbe9a7c-f72a-44b4-9d8c-50b8da7909dc'),
(328, '2', '1', 'ecbe9a7c-f72a-44b4-9d8c-50b8da7909dc'),
(329, '2', '2', '0538a3bd-0f61-4a3f-ac10-4db96acf35e8'),
(330, '2', '1', '0538a3bd-0f61-4a3f-ac10-4db96acf35e8'),
(331, '2', '2', '7d65879c-f5d0-4034-8c2a-86a1847522d1'),
(332, '2', '1', '7d65879c-f5d0-4034-8c2a-86a1847522d1'),
(333, '2', '2', 'aa5a9e63-a807-427a-a480-8d503f2a762a'),
(334, '2', '1', 'aa5a9e63-a807-427a-a480-8d503f2a762a'),
(335, '2', '2', '45de92fd-285a-45c9-b82c-26a4d950c080'),
(336, '2', '1', '45de92fd-285a-45c9-b82c-26a4d950c080'),
(337, '2', '2', '9f95f5fb-77f2-4f7a-85f1-9a3661d3df6f'),
(338, '2', '1', '9f95f5fb-77f2-4f7a-85f1-9a3661d3df6f'),
(339, '2', '2', '166ea01c-b004-4b0c-82d2-aa122c5f8343'),
(340, '2', '1', '166ea01c-b004-4b0c-82d2-aa122c5f8343'),
(341, '2', '2', '9d9edab6-bd82-4b02-9d61-ea3f7ef7c979'),
(342, '2', '1', '9d9edab6-bd82-4b02-9d61-ea3f7ef7c979'),
(343, '2', '2', '3679a8d6-289e-4cbc-a531-36605408e63e'),
(344, '2', '1', '3679a8d6-289e-4cbc-a531-36605408e63e'),
(345, '2', '2', '43ae623a-d56e-420e-8b99-8df06fdc8b39'),
(346, '2', '1', '43ae623a-d56e-420e-8b99-8df06fdc8b39'),
(347, '2', '2', '4f4d4968-974f-47df-95be-945a327c9f6d'),
(348, '2', '1', '4f4d4968-974f-47df-95be-945a327c9f6d'),
(349, '2', '2', '5d95bd9e-95ef-49c7-a2fa-3b14e88cc1ba'),
(350, '2', '1', '5d95bd9e-95ef-49c7-a2fa-3b14e88cc1ba'),
(351, '2', '2', 'ddaef74b-729a-452c-8ebb-5f009a14f599'),
(352, '2', '1', 'ddaef74b-729a-452c-8ebb-5f009a14f599'),
(353, '2', '2', 'eb17a411-3c68-4530-b963-8bde6d4b2b5d'),
(354, '2', '1', 'eb17a411-3c68-4530-b963-8bde6d4b2b5d'),
(355, '2', '2', '6d3f2291-160a-4515-8147-6a36ed2dbd45'),
(356, '2', '1', '6d3f2291-160a-4515-8147-6a36ed2dbd45'),
(357, '2', '2', '7c14f8cb-7839-4f04-abe1-a5c4a6ecb03b'),
(358, '2', '1', '7c14f8cb-7839-4f04-abe1-a5c4a6ecb03b'),
(359, '2', '2', '1406bcce-00b7-40ab-9aeb-85d1dd002574'),
(360, '2', '1', '1406bcce-00b7-40ab-9aeb-85d1dd002574'),
(361, '2', '2', 'ce5be01a-d215-4393-8cf1-c8adefb42900'),
(362, '2', '1', 'ce5be01a-d215-4393-8cf1-c8adefb42900'),
(363, '2', '2', '07f633a5-c1ca-4188-bd2b-2ff94997a2a7'),
(364, '2', '1', '07f633a5-c1ca-4188-bd2b-2ff94997a2a7'),
(365, '2', '2', 'e8af4406-520f-4e7b-a74b-9411f8185825'),
(366, '2', '1', 'e8af4406-520f-4e7b-a74b-9411f8185825'),
(367, '2', '2', 'c57720bb-b2aa-407f-bea0-05f741d262e9'),
(368, '2', '1', 'c57720bb-b2aa-407f-bea0-05f741d262e9'),
(369, '11', '2', '5858907e-c992-495c-9f4e-301d64479061'),
(370, '22', '3', '5858907e-c992-495c-9f4e-301d64479061'),
(371, '11', '2', '43a276d1-ab7f-4b8f-b8a6-91d4d799348e'),
(372, '22', '3', '43a276d1-ab7f-4b8f-b8a6-91d4d799348e'),
(373, '11', '2', '27699454-6c85-46a1-8871-8da139f0e8a2'),
(374, '22', '3', '27699454-6c85-46a1-8871-8da139f0e8a2'),
(375, '11', '2', '680aa7e7-ca93-48f1-a0cd-a971ecc05ca8'),
(376, '22', '3', '680aa7e7-ca93-48f1-a0cd-a971ecc05ca8'),
(377, '11', '2', '214964cf-c294-4848-852e-355adac515ba'),
(378, '22', '3', '214964cf-c294-4848-852e-355adac515ba'),
(379, '11', '2', '70248d2c-ec4b-4b73-b260-2a0e6146200f'),
(380, '22', '3', '70248d2c-ec4b-4b73-b260-2a0e6146200f'),
(381, '11', '2', '8e3f61e6-4d84-4431-a97b-757658a2c67e'),
(382, '22', '3', '8e3f61e6-4d84-4431-a97b-757658a2c67e'),
(383, '11', '2', '248e63e5-0c61-48ea-b8b2-5deab62e084e'),
(384, '22', '3', '248e63e5-0c61-48ea-b8b2-5deab62e084e'),
(385, '11', '2', '5b233b06-8fe8-4ea6-8f80-9776c622f13d'),
(386, '22', '3', '5b233b06-8fe8-4ea6-8f80-9776c622f13d'),
(387, '11', '2', '9493707c-0b37-4def-8938-656c61c1f108'),
(388, '22', '3', '9493707c-0b37-4def-8938-656c61c1f108'),
(389, '11', '2', 'b3e7cab5-5723-4c2b-b3b2-f554d87ffa23'),
(390, '22', '3', 'b3e7cab5-5723-4c2b-b3b2-f554d87ffa23'),
(391, '11', '2', 'b07de6f4-1364-4636-bf69-f6437755f918'),
(392, '22', '3', 'b07de6f4-1364-4636-bf69-f6437755f918'),
(393, '11', '2', '72fcf6ed-b3f0-4080-8e91-cbf6ce42c47e'),
(394, '22', '3', '72fcf6ed-b3f0-4080-8e91-cbf6ce42c47e'),
(395, '11', '2', '7432a697-7cec-4f1f-b0dd-e2488cf54aac'),
(396, '22', '3', '7432a697-7cec-4f1f-b0dd-e2488cf54aac'),
(397, '11', '2', '362f18d2-9d81-40ba-8889-40f5893755d3'),
(398, '22', '3', '362f18d2-9d81-40ba-8889-40f5893755d3'),
(399, '11', '2', 'bfde364b-468a-49ab-9e8a-34fa6ed54dc4'),
(400, '22', '3', 'bfde364b-468a-49ab-9e8a-34fa6ed54dc4'),
(401, '11', '2', '076b177a-c3d5-4798-a957-f3c5a9a29b4a'),
(402, '22', '3', '076b177a-c3d5-4798-a957-f3c5a9a29b4a'),
(403, '11', '2', 'fe7e02f2-f7b9-4a78-9aef-13e7bf33bb99'),
(404, '22', '3', 'fe7e02f2-f7b9-4a78-9aef-13e7bf33bb99'),
(405, '11', '2', 'dcf69670-8527-4b77-b281-7ee06d9cd138'),
(406, '22', '3', 'dcf69670-8527-4b77-b281-7ee06d9cd138'),
(407, '11', '2', '60f4003e-6215-4b5b-b916-d87be3a7a95e'),
(408, '22', '3', '60f4003e-6215-4b5b-b916-d87be3a7a95e'),
(409, '11', '2', '7b4c73f2-44fc-4e5f-bbc6-26299d70c59b'),
(410, '22', '3', '7b4c73f2-44fc-4e5f-bbc6-26299d70c59b'),
(411, '11', '2', '6d326fb4-9fa0-4ce4-ba1c-34351b7aeced'),
(412, '22', '3', '6d326fb4-9fa0-4ce4-ba1c-34351b7aeced'),
(413, '11', '2', '2e35a1cc-ebe6-4716-b804-73cf94d4633b'),
(414, '22', '3', '2e35a1cc-ebe6-4716-b804-73cf94d4633b'),
(415, '11', '2', 'c4ac5c34-750c-4bfe-bbc5-3aa7c6b79391'),
(416, '22', '3', 'c4ac5c34-750c-4bfe-bbc5-3aa7c6b79391'),
(417, '11', '2', '4308bf9d-2e64-4a82-923f-6d7a4a01f513'),
(418, '22', '3', '4308bf9d-2e64-4a82-923f-6d7a4a01f513'),
(419, '11', '2', '943c1873-a5c3-46e7-a89f-3bb489dd79c6'),
(420, '22', '3', '943c1873-a5c3-46e7-a89f-3bb489dd79c6'),
(421, '11', '2', 'f9802eac-fea0-4361-ad4a-ac9e453905bb'),
(422, '22', '3', 'f9802eac-fea0-4361-ad4a-ac9e453905bb'),
(423, '11', '2', '681f3086-db6f-4782-8501-09160169e514'),
(424, '22', '3', '681f3086-db6f-4782-8501-09160169e514'),
(425, '11', '2', 'fbd609e9-8014-47bc-98cf-60bada71174b'),
(426, '22', '3', 'fbd609e9-8014-47bc-98cf-60bada71174b'),
(427, '11', '2', '38dc29ff-7f05-422a-bb51-7b05c6a419f1'),
(428, '22', '3', '38dc29ff-7f05-422a-bb51-7b05c6a419f1'),
(429, '11', '2', 'ec5b7b67-7ada-4084-a9d2-f6fe89886a6d'),
(430, '22', '3', 'ec5b7b67-7ada-4084-a9d2-f6fe89886a6d'),
(431, '11', '2', 'd7d4d883-cd10-48af-a855-b3d26c449471'),
(432, '22', '3', 'd7d4d883-cd10-48af-a855-b3d26c449471'),
(433, '11', '2', '45c91268-e7ee-4455-ba35-49e8e796b705'),
(434, '22', '3', '45c91268-e7ee-4455-ba35-49e8e796b705'),
(435, '11', '2', '715afa1f-26b5-4d3c-bb39-41f52889827a'),
(436, '22', '3', '715afa1f-26b5-4d3c-bb39-41f52889827a'),
(437, '11', '2', 'e3ba535b-7866-4d72-801d-05696cfc15a9'),
(438, '22', '3', 'e3ba535b-7866-4d72-801d-05696cfc15a9'),
(439, '22', '1', 'a5a3ea23-85fb-4a26-8c38-5c3abf6fee87'),
(440, '2', '3', 'a5a3ea23-85fb-4a26-8c38-5c3abf6fee87'),
(441, '22', '1', '5f3e0ade-365c-441f-9bd0-09857a6f5a35'),
(442, '2', '3', '5f3e0ade-365c-441f-9bd0-09857a6f5a35'),
(443, '22', '1', 'a95717bf-ff68-45f2-9e9e-a29362785576'),
(444, '2', '3', 'a95717bf-ff68-45f2-9e9e-a29362785576'),
(445, '22', '1', 'e30cec8e-711a-453f-8787-b646e7ccb9b2'),
(446, '2', '3', 'e30cec8e-711a-453f-8787-b646e7ccb9b2'),
(447, '22', '1', '6c9c2a19-3e62-4900-b61d-ed4fa6e7cf29'),
(448, '2', '3', '6c9c2a19-3e62-4900-b61d-ed4fa6e7cf29'),
(449, '22', '1', '77f2e048-23da-4410-817f-3fc2e102033d'),
(450, '2', '3', '77f2e048-23da-4410-817f-3fc2e102033d'),
(451, '22', '1', '42e42744-ef2b-4ec3-8fdc-2bae0ecd0230'),
(452, '2', '3', '42e42744-ef2b-4ec3-8fdc-2bae0ecd0230'),
(453, '22', '1', '74be4d9c-c4bb-44f2-8365-4dd236c73c99'),
(454, '2', '3', '74be4d9c-c4bb-44f2-8365-4dd236c73c99'),
(455, '22', '1', '226470da-426a-432d-aaa4-c40b200f4760'),
(456, '2', '3', '226470da-426a-432d-aaa4-c40b200f4760'),
(457, '22', '1', 'de32cfcd-28d9-472f-8aae-8fb65f8b2940'),
(458, '2', '3', 'de32cfcd-28d9-472f-8aae-8fb65f8b2940'),
(459, '22', '1', 'f2075479-e45a-48b3-bfe4-86d6256d44b2'),
(460, '2', '3', 'f2075479-e45a-48b3-bfe4-86d6256d44b2'),
(461, '22', '1', 'd223aa66-9813-4475-b272-2f0175dd0f4a'),
(462, '2', '3', 'd223aa66-9813-4475-b272-2f0175dd0f4a'),
(463, '22', '1', '49265d45-412c-4aef-8668-fe3555b55911'),
(464, '2', '3', '49265d45-412c-4aef-8668-fe3555b55911'),
(465, '22', '1', '851c713a-2dd4-42c2-a7c9-827862b285b7'),
(466, '2', '3', '851c713a-2dd4-42c2-a7c9-827862b285b7'),
(467, '22', '1', '86a406f1-a545-413a-8ab1-78fe143ee31f'),
(468, '2', '3', '86a406f1-a545-413a-8ab1-78fe143ee31f'),
(469, '22', '1', '24d457ae-c82f-4687-8c52-a0dd2f8accd2'),
(470, '2', '3', '24d457ae-c82f-4687-8c52-a0dd2f8accd2'),
(471, '22', '1', 'b2522108-45e2-4261-8ef6-df9d9cac02a1'),
(472, '2', '3', 'b2522108-45e2-4261-8ef6-df9d9cac02a1'),
(473, '22', '1', '657492be-0ca8-4fa9-ab72-cebf8be3e256'),
(474, '2', '3', '657492be-0ca8-4fa9-ab72-cebf8be3e256'),
(475, '22', '1', '07536b75-9d98-4efe-b30b-b12f838344fb'),
(476, '2', '3', '07536b75-9d98-4efe-b30b-b12f838344fb'),
(477, '22', '1', 'd2bdf544-52d8-430a-a9dc-56a43aa0f586'),
(478, '2', '3', 'd2bdf544-52d8-430a-a9dc-56a43aa0f586'),
(479, '22', '1', 'b1767ac0-4b44-40ae-937c-04a5071b67dc'),
(480, '2', '3', 'b1767ac0-4b44-40ae-937c-04a5071b67dc'),
(481, '22', '1', '28d20d7c-5320-408f-8512-73d8ba61d795'),
(482, '2', '3', '28d20d7c-5320-408f-8512-73d8ba61d795'),
(483, '22', '1', '7ff05f6c-2a33-41ad-a62e-e8307a5b35b9'),
(484, '2', '3', '7ff05f6c-2a33-41ad-a62e-e8307a5b35b9'),
(485, '22', '1', '328ebd60-34a2-4225-80b7-bda7caae80a2'),
(486, '2', '3', '328ebd60-34a2-4225-80b7-bda7caae80a2'),
(487, '22', '1', 'cd572fec-c9d1-4a90-9857-73b1542fd414'),
(488, '2', '3', 'cd572fec-c9d1-4a90-9857-73b1542fd414'),
(489, '22', '1', '3576cd3a-7e86-4dc8-9261-8df7e20d5f50'),
(490, '2', '3', '3576cd3a-7e86-4dc8-9261-8df7e20d5f50'),
(491, '22', '1', '177c1590-318a-4f3d-bb41-dd2676e0b6b1'),
(492, '2', '3', '177c1590-318a-4f3d-bb41-dd2676e0b6b1'),
(493, '22', '1', 'dfa0f32f-208c-4729-8297-c0492bfa2766'),
(494, '2', '3', 'dfa0f32f-208c-4729-8297-c0492bfa2766'),
(495, '22', '1', '8b840d9d-88d0-463f-9e34-35b2d3b957db'),
(496, '2', '3', '8b840d9d-88d0-463f-9e34-35b2d3b957db'),
(497, '22', '1', 'c19ebf33-258f-4f65-b5ae-88066cde3f0f'),
(498, '2', '3', 'c19ebf33-258f-4f65-b5ae-88066cde3f0f'),
(499, '22', '1', '6b2d3f08-bbee-438f-ab61-17f6b2956ff0'),
(500, '2', '3', '6b2d3f08-bbee-438f-ab61-17f6b2956ff0'),
(501, '22', '1', 'd98ac6d2-41e8-41d3-b9e6-6f3889322f4c'),
(502, '2', '3', 'd98ac6d2-41e8-41d3-b9e6-6f3889322f4c'),
(503, '22', '1', 'd85c4cba-28e1-461c-98dd-5882f2727218'),
(504, '2', '3', 'd85c4cba-28e1-461c-98dd-5882f2727218'),
(505, '111', '22', '43590cde-0379-4e46-a9cc-e830b9efa09f'),
(506, '2313132', '12', '43590cde-0379-4e46-a9cc-e830b9efa09f'),
(507, '22', '11', '4c01d287-917b-4610-b164-3df557d6402d'),
(508, '33', '22', '4c01d287-917b-4610-b164-3df557d6402d'),
(509, '红色', '14', '8d6f4713-7331-4827-b990-f555405d467e'),
(510, '绿色', '14', '8d6f4713-7331-4827-b990-f555405d467e'),
(511, '白色', '14', '8d6f4713-7331-4827-b990-f555405d467e'),
(512, '大', '13', '32e10568-e378-49ef-8644-9f93a88c17ce'),
(513, '小', '12', '32e10568-e378-49ef-8644-9f93a88c17ce'),
(514, '红色', '20', 'd1a963f5-7fe9-4396-93d6-a0b226999aaf'),
(515, '绿色', '10', 'd1a963f5-7fe9-4396-93d6-a0b226999aaf'),
(516, '1', '1', '263e9846-546f-4dfb-8b5d-621a15a13ad6'),
(517, '2', '2', '263e9846-546f-4dfb-8b5d-621a15a13ad6'),
(518, '1', '1', 'b3ff926b-3cd6-4c88-b119-0131965b93a1'),
(519, '2', '2', 'b3ff926b-3cd6-4c88-b119-0131965b93a1');

-- --------------------------------------------------------

--
-- Table structure for table `products`
--

CREATE TABLE `products` (
  `productId` int(11) NOT NULL,
  `title` varchar(255) NOT NULL,
  `price` varchar(255) NOT NULL,
  `des` text NOT NULL,
  `storage` int(10) NOT NULL,
  `unit` varchar(225) NOT NULL,
  `category` varchar(225) NOT NULL,
  `uid` varchar(255) NOT NULL
) ENGINE=InnoDB DEFAULT CHARSET=utf8mb4;

--
-- Dumping data for table `products`
--

INSERT INTO `products` (`productId`, `title`, `price`, `des`, `storage`, `unit`, `category`, `uid`) VALUES
(191, '阿', '222', '多低adadasdasdasd', 2, 'kg', 'drink', 'google-oauth2|108217098890989811183'),
(192, '阿', '222', '多低adadasdasdasd', 2, 'kg', 'drink', 'google-oauth2|108217098890989811183'),
(193, '阿', '222', '多低adadasdasdasd', 2, 'kg', 'drink', 'google-oauth2|108217098890989811183'),
(194, '阿', '222', '多低adadasdasdasd', 2, 'kg', 'drink', 'google-oauth2|108217098890989811183'),
(195, '阿', '222', '多低adadasdasdasd', 2, 'kg', 'drink', 'google-oauth2|108217098890989811183'),
(196, '阿', '222', '多低adadasdasdasd', 2, 'kg', 'drink', 'google-oauth2|108217098890989811183'),
(197, '阿', '222', '多低adadasdasdasd', 2, 'kg', 'drink', 'google-oauth2|108217098890989811183'),
(198, '阿', '222', '多低adadasdasdasd', 2, 'kg', 'drink', 'google-oauth2|108217098890989811183'),
(199, '阿', '222', '多低adadasdasdasd', 2, 'kg', 'drink', 'google-oauth2|108217098890989811183'),
(200, '阿', '222', '多低adadasdasdasd', 2, 'kg', 'drink', 'google-oauth2|108217098890989811183'),
(201, '阿', '222', '多低adadasdasdasd', 2, 'kg', 'drink', 'google-oauth2|108217098890989811183'),
(202, '阿', '222', '多低adadasdasdasd', 2, 'kg', 'drink', 'google-oauth2|108217098890989811183'),
(203, '阿', '222', '多低adadasdasdasd', 2, 'kg', 'drink', 'google-oauth2|108217098890989811183'),
(204, '阿', '222', '多低adadasdasdasd', 2, 'kg', 'drink', 'google-oauth2|108217098890989811183'),
(205, '阿', '222', '多低adadasdasdasd', 2, 'kg', 'drink', 'google-oauth2|108217098890989811183'),
(206, '阿', '222', '多低adadasdasdasd', 2, 'kg', 'drink', 'google-oauth2|108217098890989811183'),
(207, '阿', '222', '多低adadasdasdasd', 2, 'kg', 'drink', 'google-oauth2|108217098890989811183'),
(208, '阿', '222', '多低adadasdasdasd', 2, 'kg', 'drink', 'google-oauth2|108217098890989811183'),
(209, '阿', '222', '多低adadasdasdasd', 2, 'kg', 'drink', 'google-oauth2|108217098890989811183'),
(210, '阿', '222', '多低adadasdasdasd', 2, 'kg', 'drink', 'google-oauth2|108217098890989811183'),
(211, '阿', '222', '多低adadasdasdasd', 2, 'kg', 'drink', 'google-oauth2|108217098890989811183'),
(212, '阿', '222', '多低adadasdasdasd', 2, 'kg', 'drink', 'google-oauth2|108217098890989811183'),
(213, '阿', '222', '多低adadasdasdasd', 2, 'kg', 'drink', 'google-oauth2|108217098890989811183'),
(214, '阿', '222', '多低adadasdasdasd', 2, 'kg', 'drink', 'google-oauth2|108217098890989811183'),
(215, '阿', '222', '多低adadasdasdasd', 2, 'kg', 'drink', 'google-oauth2|108217098890989811183'),
(216, '阿', '222', '多低adadasdasdasd', 2, 'kg', 'drink', 'google-oauth2|108217098890989811183'),
(217, '阿', '222', '多低adadasdasdasd', 2, 'kg', 'drink', 'google-oauth2|108217098890989811183'),
(218, '阿', '222', '多低adadasdasdasd', 2, 'kg', 'drink', 'google-oauth2|108217098890989811183'),
(219, '阿', '222', '多低adadasdasdasd', 2, 'kg', 'drink', 'google-oauth2|108217098890989811183'),
(220, '阿', '222', '多低adadasdasdasd', 2, 'kg', 'drink', 'google-oauth2|108217098890989811183'),
(221, '阿', '222', '多低adadasdasdasd', 2, 'kg', 'drink', 'google-oauth2|108217098890989811183'),
(222, '阿', '222', '多低adadasdasdasd', 2, 'kg', 'drink', 'google-oauth2|108217098890989811183'),
(223, '阿', '222', '多低adadasdasdasd', 2, 'kg', 'drink', 'google-oauth2|108217098890989811183'),
(224, '阿', '222', '多低adadasdasdasd', 2, 'kg', 'drink', 'google-oauth2|108217098890989811183'),
(225, '阿', '222', '多低adadasdasdasd', 2, 'kg', 'drink', 'google-oauth2|108217098890989811183'),
(226, '阿', '222', '多低adadasdasdasd', 2, 'kg', 'drink', 'google-oauth2|108217098890989811183'),
(227, '阿', '222', '多低adadasdasdasd', 2, 'kg', 'drink', 'google-oauth2|108217098890989811183'),
(228, '阿', '222', '多低adadasdasdasd', 2, 'kg', 'drink', 'google-oauth2|108217098890989811183'),
(229, '阿', '222', '多低adadasdasdasd', 2, 'kg', 'drink', 'google-oauth2|108217098890989811183'),
(230, '阿', '222', '多低adadasdasdasd', 2, 'kg', 'drink', 'google-oauth2|108217098890989811183'),
(231, '阿', '222', '多低adadasdasdasd', 2, 'kg', 'drink', 'google-oauth2|108217098890989811183'),
(232, '啊大大', '22', '多低', 2, '222', 'drink', 'google-oauth2|108217098890989811183'),
(233, '222', '22', 'adasaasdasd', 2, 'kg', 'drink', 'google-oauth2|108217098890989811183'),
(266, 'addd', '21', 'asdasd', 2, '22', 'meat', 'google-oauth2|108217098890989811183'),
(267, 'addd', '21', 'asdasd', 2, '22', 'meat', 'google-oauth2|108217098890989811183'),
(268, 'addd', '21', 'asdasd', 2, '22', 'meat', 'google-oauth2|108217098890989811183'),
(269, 'addd', '21', 'asdasd', 2, '22', 'meat', 'google-oauth2|108217098890989811183'),
(270, 'addd', '21', 'asdasd', 2, '22', 'meat', 'google-oauth2|108217098890989811183'),
(271, 'addd', '21', 'asdasd', 2, '22', 'meat', 'google-oauth2|108217098890989811183'),
(272, 'addd', '21', 'asdasd', 2, '22', 'meat', 'google-oauth2|108217098890989811183'),
(273, 'addd', '21', 'asdasd', 2, '22', 'meat', 'google-oauth2|108217098890989811183'),
(274, 'addd', '21', 'asdasd', 2, '22', 'meat', 'google-oauth2|108217098890989811183'),
(275, 'addd', '21', 'asdasd', 2, '22', 'meat', 'google-oauth2|108217098890989811183'),
(276, 'addd', '21', 'asdasd', 2, '22', 'meat', 'google-oauth2|108217098890989811183'),
(277, 'addd', '21', 'asdasd', 2, '22', 'meat', 'google-oauth2|108217098890989811183'),
(278, 'addd', '21', 'asdasd', 2, '22', 'meat', 'google-oauth2|108217098890989811183'),
(279, 'addd', '21', 'asdasd', 2, '22', 'meat', 'google-oauth2|108217098890989811183'),
(280, 'addd', '21', 'asdasd', 2, '22', 'meat', 'google-oauth2|108217098890989811183'),
(281, 'addd', '21', 'asdasd', 2, '22', 'meat', 'google-oauth2|108217098890989811183'),
(282, 'addd', '21', 'asdasd', 2, '22', 'meat', 'google-oauth2|108217098890989811183'),
(283, 'addd', '21', 'asdasd', 2, '22', 'meat', 'google-oauth2|108217098890989811183'),
(284, 'addd', '21', 'asdasd', 2, '22', 'meat', 'google-oauth2|108217098890989811183'),
(285, 'addd', '21', 'asdasd', 2, '22', 'meat', 'google-oauth2|108217098890989811183'),
(286, 'addd', '21', 'asdasd', 2, '22', 'meat', 'google-oauth2|108217098890989811183'),
(287, 'addd', '21', 'asdasd', 2, '22', 'meat', 'google-oauth2|108217098890989811183'),
(288, 'addd', '21', 'asdasd', 2, '22', 'meat', 'google-oauth2|108217098890989811183'),
(289, 'addd', '21', 'asdasd', 2, '22', 'meat', 'google-oauth2|108217098890989811183'),
(290, 'addd', '21', 'asdasd', 2, '22', 'meat', 'google-oauth2|108217098890989811183'),
(291, 'addd', '21', 'asdasd', 2, '22', 'meat', 'google-oauth2|108217098890989811183'),
(292, 'sddads', '22', 'adadasdasdasdasdasdljasldjalsjdjasdalsdlasasdasasdasd', 2, '111', 'vege', 'google-oauth2|108217098890989811183'),
(293, 'sddads', '22', 'adadasdasdasdasdasdljasldjalsjdjasdalsdlasasdasasdasd', 2, '111', 'vege', 'google-oauth2|108217098890989811183'),
(294, 'sddads', '22', 'adadasdasdasdasdasdljasldjalsjdjasdalsdlasasdasasdasd', 2, '111', 'vege', 'google-oauth2|108217098890989811183'),
(295, 'sddads', '22', 'adadasdasdasdasdasdljasldjalsjdjasdalsdlasasdasasdasd', 2, '111', 'vege', 'google-oauth2|108217098890989811183'),
(296, 'sddads', '22', 'adadasdasdasdasdasdljasldjalsjdjasdalsdlasasdasasdasd', 2, '111', 'vege', 'google-oauth2|108217098890989811183'),
(297, 'sddads', '22', 'adadasdasdasdasdasdljasldjalsjdjasdalsdlasasdasasdasd', 2, '111', 'vege', 'google-oauth2|108217098890989811183'),
(298, 'sddads', '22', 'adadasdasdasdasdasdljasldjalsjdjasdalsdlasasdasasdasd', 2, '111', 'vege', 'google-oauth2|108217098890989811183'),
(299, 'sddads', '22', 'adadasdasdasdasdasdljasldjalsjdjasdalsdlasasdasasdasd', 2, '111', 'vege', 'google-oauth2|108217098890989811183'),
(300, 'sddads', '22', 'adadasdasdasdasdasdljasldjalsjdjasdalsdlasasdasasdasd', 2, '111', 'vege', 'google-oauth2|108217098890989811183'),
(301, 'sddads', '22', 'adadasdasdasdasdasdljasldjalsjdjasdalsdlasasdasasdasd', 2, '111', 'vege', 'google-oauth2|108217098890989811183'),
(302, 'sddads', '22', 'adadasdasdasdasdasdljasldjalsjdjasdalsdlasasdasasdasd', 2, '111', 'vege', 'google-oauth2|108217098890989811183'),
(303, 'sddads', '22', 'adadasdasdasdasdasdljasldjalsjdjasdalsdlasasdasasdasd', 2, '111', 'vege', 'google-oauth2|108217098890989811183'),
(304, 'sddads', '22', 'adadasdasdasdasdasdljasldjalsjdjasdalsdlasasdasasdasd', 2, '111', 'vege', 'google-oauth2|108217098890989811183'),
(305, 'sddads', '22', 'adadasdasdasdasdasdljasldjalsjdjasdalsdlasasdasasdasd', 2, '111', 'vege', 'google-oauth2|108217098890989811183'),
(306, 'sddads', '22', 'adadasdasdasdasdasdljasldjalsjdjasdalsdlasasdasasdasd', 2, '111', 'vege', 'google-oauth2|108217098890989811183'),
(307, 'sddads', '22', 'adadasdasdasdasdasdljasldjalsjdjasdalsdlasasdasasdasd', 2, '111', 'vege', 'google-oauth2|108217098890989811183'),
(308, 'sddads', '22', 'adadasdasdasdasdasdljasldjalsjdjasdalsdlasasdasasdasd', 2, '111', 'vege', 'google-oauth2|108217098890989811183'),
(309, 'sddads', '22', 'adadasdasdasdasdasdljasldjalsjdjasdalsdlasasdasasdasd', 2, '111', 'vege', 'google-oauth2|108217098890989811183'),
(310, 'sddads', '22', 'adadasdasdasdasdasdljasldjalsjdjasdalsdlasasdasasdasd', 2, '111', 'vege', 'google-oauth2|108217098890989811183'),
(311, 'sddads', '22', 'adadasdasdasdasdasdljasldjalsjdjasdalsdlasasdasasdasd', 2, '111', 'vege', 'google-oauth2|108217098890989811183'),
(312, 'sddads', '22', 'adadasdasdasdasdasdljasldjalsjdjasdalsdlasasdasasdasd', 2, '111', 'vege', 'google-oauth2|108217098890989811183'),
(313, 'sddads', '22', 'adadasdasdasdasdasdljasldjalsjdjasdalsdlasasdasasdasd', 2, '111', 'vege', 'google-oauth2|108217098890989811183'),
(314, 'sddads', '22', 'adadasdasdasdasdasdljasldjalsjdjasdalsdlasasdasasdasd', 2, '111', 'vege', 'google-oauth2|108217098890989811183'),
(315, 'sddads', '22', 'adadasdasdasdasdasdljasldjalsjdjasdalsdlasasdasasdasd', 2, '111', 'vege', 'google-oauth2|108217098890989811183'),
(316, 'sddads', '22', 'adadasdasdasdasdasdljasldjalsjdjasdalsdlasasdasasdasd', 2, '111', 'vege', 'google-oauth2|108217098890989811183'),
(317, 'sddads', '22', 'adadasdasdasdasdasdljasldjalsjdjasdalsdlasasdasasdasd', 2, '111', 'vege', 'google-oauth2|108217098890989811183'),
(318, 'sddads', '22', 'adadasdasdasdasdasdljasldjalsjdjasdalsdlasasdasasdasd', 2, '111', 'vege', 'google-oauth2|108217098890989811183'),
(319, 'sddads', '22', 'adadasdasdasdasdasdljasldjalsjdjasdalsdlasasdasasdasd', 2, '111', 'vege', 'google-oauth2|108217098890989811183'),
(320, 'sddads', '22', 'adadasdasdasdasdasdljasldjalsjdjasdalsdlasasdasasdasd', 2, '111', 'vege', 'google-oauth2|108217098890989811183'),
(321, 'sddads', '22', 'adadasdasdasdasdasdljasldjalsjdjasdalsdlasasdasasdasd', 2, '111', 'vege', 'google-oauth2|108217098890989811183'),
(322, 'sddads', '22', 'adadasdasdasdasdasdljasldjalsjdjasdalsdlasasdasasdasd', 2, '111', 'vege', 'google-oauth2|108217098890989811183'),
(323, 'sddads', '22', 'adadasdasdasdasdasdljasldjalsjdjasdalsdlasasdasasdasd', 2, '111', 'vege', 'google-oauth2|108217098890989811183'),
(324, 'sddads', '22', 'adadasdasdasdasdasdljasldjalsjdjasdalsdlasasdasasdasd', 2, '111', 'vege', 'google-oauth2|108217098890989811183'),
(325, 'sddads', '22', 'adadasdasdasdasdasdljasldjalsjdjasdalsdlasasdasasdasd', 2, '111', 'vege', 'google-oauth2|108217098890989811183'),
(326, 'sddads', '22', 'adadasdasdasdasdasdljasldjalsjdjasdalsdlasasdasasdasd', 2, '111', 'vege', 'google-oauth2|108217098890989811183'),
(327, 'adadasdasd', '22', '31asdasd123131232132131212313', 2, 'sd', 'seafood', 'google-oauth2|108217098890989811183'),
(328, 'adadasdasd', '22', '31asdasd123131232132131212313', 2, 'sd', 'seafood', 'google-oauth2|108217098890989811183'),
(329, 'adadasdasd', '22', '31asdasd123131232132131212313', 2, 'sd', 'seafood', 'google-oauth2|108217098890989811183'),
(330, 'adadasdasd', '22', '31asdasd123131232132131212313', 2, 'sd', 'seafood', 'google-oauth2|108217098890989811183'),
(331, 'adadasdasd', '22', '31asdasd123131232132131212313', 2, 'sd', 'seafood', 'google-oauth2|108217098890989811183'),
(332, 'adadasdasd', '22', '31asdasd123131232132131212313', 2, 'sd', 'seafood', 'google-oauth2|108217098890989811183'),
(333, 'adadasdasd', '22', '31asdasd123131232132131212313', 2, 'sd', 'seafood', 'google-oauth2|108217098890989811183'),
(334, 'adadasdasd', '22', '31asdasd123131232132131212313', 2, 'sd', 'seafood', 'google-oauth2|108217098890989811183'),
(335, 'adadasdasd', '22', '31asdasd123131232132131212313', 2, 'sd', 'seafood', 'google-oauth2|108217098890989811183'),
(336, 'adadasdasd', '22', '31asdasd123131232132131212313', 2, 'sd', 'seafood', 'google-oauth2|108217098890989811183'),
(337, 'adadasdasd', '22', '31asdasd123131232132131212313', 2, 'sd', 'seafood', 'google-oauth2|108217098890989811183'),
(338, 'adadasdasd', '22', '31asdasd123131232132131212313', 2, 'sd', 'seafood', 'google-oauth2|108217098890989811183'),
(339, 'adadasdasd', '22', '31asdasd123131232132131212313', 2, 'sd', 'seafood', 'google-oauth2|108217098890989811183'),
(340, 'adadasdasd', '22', '31asdasd123131232132131212313', 2, 'sd', 'seafood', 'google-oauth2|108217098890989811183'),
(341, 'adadasdasd', '22', '31asdasd123131232132131212313', 2, 'sd', 'seafood', 'google-oauth2|108217098890989811183'),
(342, 'adadasdasd', '22', '31asdasd123131232132131212313', 2, 'sd', 'seafood', 'google-oauth2|108217098890989811183'),
(343, 'adadasdasd', '22', '31asdasd123131232132131212313', 2, 'sd', 'seafood', 'google-oauth2|108217098890989811183'),
(344, 'adadasdasd', '22', '31asdasd123131232132131212313', 2, 'sd', 'seafood', 'google-oauth2|108217098890989811183'),
(345, 'adadasdasd', '22', '31asdasd123131232132131212313', 2, 'sd', 'seafood', 'google-oauth2|108217098890989811183'),
(346, 'adadasdasd', '22', '31asdasd123131232132131212313', 2, 'sd', 'seafood', 'google-oauth2|108217098890989811183'),
(347, 'adadasdasd', '22', '31asdasd123131232132131212313', 2, 'sd', 'seafood', 'google-oauth2|108217098890989811183'),
(348, 'adadasdasd', '22', '31asdasd123131232132131212313', 2, 'sd', 'seafood', 'google-oauth2|108217098890989811183'),
(349, 'adadasdasd', '22', '31asdasd123131232132131212313', 2, 'sd', 'seafood', 'google-oauth2|108217098890989811183'),
(350, 'adadasdasd', '22', '31asdasd123131232132131212313', 2, 'sd', 'seafood', 'google-oauth2|108217098890989811183'),
(351, 'adadasdasd', '22', '31asdasd123131232132131212313', 2, 'sd', 'seafood', 'google-oauth2|108217098890989811183'),
(352, 'adadasdasd', '22', '31asdasd123131232132131212313', 2, 'sd', 'seafood', 'google-oauth2|108217098890989811183'),
(353, 'adadasdasd', '22', '31asdasd123131232132131212313', 2, 'sd', 'seafood', 'google-oauth2|108217098890989811183'),
(354, 'adadasdasd', '22', '31asdasd123131232132131212313', 2, 'sd', 'seafood', 'google-oauth2|108217098890989811183'),
(355, 'adadasdasd', '22', '31asdasd123131232132131212313', 2, 'sd', 'seafood', 'google-oauth2|108217098890989811183'),
(356, 'adadasdasd', '22', '31asdasd123131232132131212313', 2, 'sd', 'seafood', 'google-oauth2|108217098890989811183'),
(357, 'adadasdasd', '22', '31asdasd123131232132131212313', 2, 'sd', 'seafood', 'google-oauth2|108217098890989811183'),
(358, 'adadasdasd', '22', '31asdasd123131232132131212313', 2, 'sd', 'seafood', 'google-oauth2|108217098890989811183'),
(359, 'adadasdasd', '22', '31asdasd123131232132131212313', 2, 'sd', 'seafood', 'google-oauth2|108217098890989811183'),
(360, 'jijijijjijijijiiji', '22', 'asdadadasadadaad', 5, 'kg', 'seafood', 'google-oauth2|108217098890989811183'),
(361, '2212121212', '22', 'sadjladjalsjdlajsdlkajsdlkjsdalj', 2, '2', 'fruit', 'google-oauth2|108217098890989811183'),
(362, '22222', '1111', '1111', 2, '22', 'fruit', 'google-oauth2|108217098890989811183'),
(363, '测试商品', '20', '这是一个商品描述，很好的产品', 2, '个', 'hotpot', 'google-oauth2|108217098890989811183'),
(364, 'orange', '19', 'sdsdasadadljajljkjakjdadlj看看1', 20, 'kg', 'fruit', 'google-oauth2|108217098890989811183'),
(365, '12222', '22', '123333333333111111122222222ddddddd', 22, 'kg', 'seafood', 'google-oauth2|108217098890989811183'),
(366, '12222', '22', '123333333333111111122222222ddddddd', 22, 'kg', 'seafood', 'google-oauth2|108217098890989811183');

-- --------------------------------------------------------

--
-- Table structure for table `seller`
--

CREATE TABLE `seller` (
  `ID` int(11) NOT NULL,
  `location` varchar(225) NOT NULL,
  `docUrl` text NOT NULL,
  `name` varchar(225) NOT NULL,
  `uid` varchar(225) NOT NULL
) ENGINE=InnoDB DEFAULT CHARSET=utf8mb4;

--
-- Dumping data for table `seller`
--

INSERT INTO `seller` (`ID`, `location`, `docUrl`, `name`, `uid`) VALUES
(1, '11', '', '2222222222222', '0'),
(2, '11', '', '2222222222222', 'google-oauth2|108217098890989811183'),
(3, '222', '', '11', 'google-oauth2|108217098890989811183');

-- --------------------------------------------------------

--
-- Table structure for table `variants`
--

CREATE TABLE `variants` (
  `VId` varchar(225) NOT NULL,
  `title` varchar(255) NOT NULL,
  `productId` int(11) NOT NULL,
  `type` int(11) NOT NULL
) ENGINE=InnoDB DEFAULT CHARSET=utf8mb4;

--
-- Dumping data for table `variants`
--

INSERT INTO `variants` (`VId`, `title`, `productId`, `type`) VALUES
('0183c63d-7510-402d-9b3d-49be928eaaf2', '2', 244, 1),
('0385d8d1-e5c6-4395-845d-1ddf693315c5', '颜色', 229, 1),
('0538a3bd-0f61-4a3f-ac10-4db96acf35e8', '1', 272, 1),
('070f7de1-12d2-45d2-a808-33173828952d', '1111222', 234, 0),
('07536b75-9d98-4efe-b30b-b12f838344fb', '1', 345, 1),
('076b177a-c3d5-4798-a957-f3c5a9a29b4a', '22', 308, 1),
('07f633a5-c1ca-4188-bd2b-2ff94997a2a7', '1', 289, 1),
('09c60d4e-16ed-47e8-94ed-97d5d28cb6d6', '颜色', 202, 1),
('10834a7c-76a4-4b0c-ba2e-8bb3f476326a', '颜色', 192, 1),
('1406bcce-00b7-40ab-9aeb-85d1dd002574', '1', 287, 1),
('162e8f10-5bef-43fa-8a34-533ce6f5fef8', '2', 252, 1),
('166ea01c-b004-4b0c-82d2-aa122c5f8343', '1', 277, 1),
('177c1590-318a-4f3d-bb41-dd2676e0b6b1', '1', 353, 1),
('1efd476d-028c-4894-8f68-36c4cd99c1ea', '颜色', 222, 1),
('1f5c75e0-e822-46d8-92ab-c1a62058974d', '2', 239, 1),
('214964cf-c294-4848-852e-355adac515ba', '22', 296, 1),
('226470da-426a-432d-aaa4-c40b200f4760', '1', 335, 1),
('248e63e5-0c61-48ea-b8b2-5deab62e084e', '22', 299, 1),
('24a4f06f-fd81-4f6d-b386-3066191d1a3c', '2', 257, 1),
('24d457ae-c82f-4687-8c52-a0dd2f8accd2', '1', 342, 1),
('263e9846-546f-4dfb-8b5d-621a15a13ad6', 'yanse', 365, 1),
('27699454-6c85-46a1-8871-8da139f0e8a2', '22', 294, 1),
('28d20d7c-5320-408f-8512-73d8ba61d795', '1', 348, 1),
('2c6aee6a-9fc5-4495-b209-1d95c9010f08', '1', 266, 1),
('2c7d415f-b15b-4991-a1e0-6c23c04e2b54', '颜色', 227, 1),
('2cf35d9d-75c8-46ac-b175-ffda737b7568', '2', 235, 1),
('2e35a1cc-ebe6-4716-b804-73cf94d4633b', '22', 314, 1),
('2fc760b1-bc1e-4f15-8492-6e0a01f23d90', '22', 362, 0),
('328ebd60-34a2-4225-80b7-bda7caae80a2', '1', 350, 1),
('32e10568-e378-49ef-8644-9f93a88c17ce', '选择大小', 363, 1),
('3576cd3a-7e86-4dc8-9261-8df7e20d5f50', '1', 352, 1),
('36270cac-e028-4fd9-bed8-1db0d79bcfe7', '颜色', 221, 1),
('362f18d2-9d81-40ba-8889-40f5893755d3', '22', 306, 1),
('3679a8d6-289e-4cbc-a531-36605408e63e', '1', 278, 1),
('38dc29ff-7f05-422a-bb51-7b05c6a419f1', '22', 321, 1),
('3ad98e3c-2333-4630-b609-e774c6a1b86e', '1', 270, 1),
('3c186b3e-4cbd-4bfc-8653-8163792db11e', '2', 248, 1),
('3e52edf8-f067-4ff2-ab2c-6c7232229b8b', '2', 237, 1),
('3e728343-ff89-4fb2-982d-62be1012558c', '颜色', 225, 1),
('42e42744-ef2b-4ec3-8fdc-2bae0ecd0230', '1', 333, 1),
('4308bf9d-2e64-4a82-923f-6d7a4a01f513', '22', 316, 1),
('43590cde-0379-4e46-a9cc-e830b9efa09f', '222', 360, 1),
('43a276d1-ab7f-4b8f-b8a6-91d4d799348e', '22', 293, 1),
('43ae623a-d56e-420e-8b99-8df06fdc8b39', '1', 280, 1),
('45c91268-e7ee-4455-ba35-49e8e796b705', '22', 324, 1),
('45de92fd-285a-45c9-b82c-26a4d950c080', '1', 275, 1),
('49265d45-412c-4aef-8668-fe3555b55911', '1', 339, 1),
('4abbddc9-534a-4f44-bfc1-714f2afc2616', '颜色', 223, 1),
('4b328d6a-2cac-456f-bf2f-06e97805dc35', '1111', 232, 0),
('4c01d287-917b-4610-b164-3df557d6402d', 'asdasdsa', 361, 1),
('4d46a797-1fd3-46cf-9241-e5e7502bcbb7', '颜色', 216, 1),
('4da9a288-bdca-4b6d-8e51-464760248d9a', '2', 260, 1),
('4ec7fac3-613b-47af-b01e-f2e83278b571', '颜色', 193, 1),
('4f4d4968-974f-47df-95be-945a327c9f6d', '1', 281, 1),
('5858907e-c992-495c-9f4e-301d64479061', '22', 292, 1),
('58c76eca-3cd8-4517-bf60-07cbd8cfb325', '颜色', 201, 1),
('5998d1b8-df96-48d5-b1de-574563c00d59', '颜色', 199, 1),
('5b233b06-8fe8-4ea6-8f80-9776c622f13d', '22', 300, 1),
('5bf200e7-d9e1-45c0-a55c-67e7b0daa3f4', '颜色', 206, 1),
('5c1a2ce9-8ad7-4e7a-86d4-2851ed7e9581', '颜色', 198, 1),
('5d95bd9e-95ef-49c7-a2fa-3b14e88cc1ba', '1', 283, 1),
('5e9ef0e6-e31d-4a1a-b43d-2b1d51e3bbdc', '颜色', 210, 1),
('5f3e0ade-365c-441f-9bd0-09857a6f5a35', '1', 328, 1),
('600012db-74a8-432d-a68c-00f878fde8ed', '颜色', 195, 1),
('60f4003e-6215-4b5b-b916-d87be3a7a95e', '22', 310, 1),
('64740826-1230-473a-bee6-d0a05aec0464', '2', 241, 1),
('657492be-0ca8-4fa9-ab72-cebf8be3e256', '1', 344, 1),
('65e5d57e-64f5-46c0-9735-315592340ece', '颜色', 207, 1),
('680aa7e7-ca93-48f1-a0cd-a971ecc05ca8', '22', 295, 1),
('681f3086-db6f-4782-8501-09160169e514', '22', 319, 1),
('6b2d3f08-bbee-438f-ab61-17f6b2956ff0', '1', 357, 1),
('6c9c2a19-3e62-4900-b61d-ed4fa6e7cf29', '1', 331, 1),
('6d326fb4-9fa0-4ce4-ba1c-34351b7aeced', '22', 313, 1),
('6d3f2291-160a-4515-8147-6a36ed2dbd45', '1', 285, 1),
('6dbbb69a-1531-4c59-a89e-38f1310c69df', '2', 251, 1),
('70248d2c-ec4b-4b73-b260-2a0e6146200f', '22', 297, 1),
('707bbd02-a72e-4a4a-b5b4-4b81ea071757', '111', 233, 1),
('715afa1f-26b5-4d3c-bb39-41f52889827a', '22', 325, 1),
('72fcf6ed-b3f0-4080-8e91-cbf6ce42c47e', '22', 304, 1),
('7432a697-7cec-4f1f-b0dd-e2488cf54aac', '22', 303, 1),
('74be4d9c-c4bb-44f2-8365-4dd236c73c99', '1', 334, 1),
('77f2e048-23da-4410-817f-3fc2e102033d', '1', 332, 1),
('7b4c73f2-44fc-4e5f-bbc6-26299d70c59b', '22', 312, 1),
('7ba91842-bfe8-4d0f-99e5-ad0924bcd5db', '2', 255, 1),
('7c14f8cb-7839-4f04-abe1-a5c4a6ecb03b', '1', 286, 1),
('7d65879c-f5d0-4034-8c2a-86a1847522d1', '1', 273, 1),
('7f43e16a-4ca9-4b88-bbdb-cf958d60e6ed', '1', 269, 1),
('7ff05f6c-2a33-41ad-a62e-e8307a5b35b9', '1', 349, 1),
('84d0be45-b46a-45f7-971e-03cf86ef472f', '2', 249, 1),
('851c713a-2dd4-42c2-a7c9-827862b285b7', '1', 340, 1),
('857e840e-8528-4380-9538-55c64d295003', '2', 247, 1),
('86a406f1-a545-413a-8ab1-78fe143ee31f', '1', 341, 1),
('8a63695b-d5f2-42b8-8a9b-2c9126864937', '2', 243, 1),
('8b840d9d-88d0-463f-9e34-35b2d3b957db', '1', 355, 1),
('8d6f4713-7331-4827-b990-f555405d467e', '选择颜色', 363, 1),
('8e369b43-2ad2-429e-9e54-508344a25a59', '颜色', 214, 1),
('8e3f61e6-4d84-4431-a97b-757658a2c67e', '22', 298, 1),
('8f1346bc-3619-4187-b5c2-7879eb7f70b8', '颜色', 203, 1),
('92384aa8-90de-43ff-8264-133ee12a08e9', '颜色', 200, 1),
('943c1873-a5c3-46e7-a89f-3bb489dd79c6', '22', 317, 1),
('9493707c-0b37-4def-8938-656c61c1f108', '22', 301, 1),
('94c9de54-5081-4882-9185-7c3cb6c9a00b', '颜色', 231, 1),
('98ab28eb-1611-4229-a6a1-ac9c4b29ffa7', '颜色', 212, 1),
('9a9bb333-35da-48f4-99c2-9d1e967e156e', '1', 268, 1),
('9b6d0fe8-26c8-4521-95c6-5280e60bdd9b', '2', 242, 1),
('9bdb5eee-9fbc-456c-ac07-92f907111c7d', '颜色', 213, 1),
('9c1c9cb6-9eeb-46cb-91ba-052916d0ecd8', '颜色', 224, 1),
('9d9edab6-bd82-4b02-9d61-ea3f7ef7c979', '1', 279, 1),
('9ebb3a42-d7b5-417d-b55e-75a4af76b5de', '2', 256, 1),
('9f95f5fb-77f2-4f7a-85f1-9a3661d3df6f', '1', 276, 1),
('a161bde0-c5b1-41a4-96bf-3d228d1d8df5', '1', 267, 1),
('a4e689cb-d9d1-4878-980e-5c30d5f08d0c', '颜色', 215, 1),
('a5a3ea23-85fb-4a26-8c38-5c3abf6fee87', '1', 327, 1),
('a934539b-448f-494c-9e69-4453673c67d1', '2', 240, 1),
('a95717bf-ff68-45f2-9e9e-a29362785576', '1', 329, 1),
('aa5a9e63-a807-427a-a480-8d503f2a762a', '1', 274, 1),
('ab1601cc-8241-4c9c-b6ba-5961162a9af5', '2', 264, 1),
('adb21836-6c2c-4153-bbb0-51d50b2d8141', '颜色', 218, 1),
('b07de6f4-1364-4636-bf69-f6437755f918', '22', 305, 1),
('b1767ac0-4b44-40ae-937c-04a5071b67dc', '1', 347, 1),
('b2522108-45e2-4261-8ef6-df9d9cac02a1', '1', 343, 1),
('b3e7cab5-5723-4c2b-b3b2-f554d87ffa23', '22', 302, 1),
('b3ff926b-3cd6-4c88-b119-0131965b93a1', 'yanse', 366, 1),
('b765dfbe-58fb-458f-9764-2d2330360a62', '颜色', 205, 1),
('bac6347a-02d6-40d6-802d-47003ad3b58d', '颜色', 226, 1),
('bcb4ca1b-cfe4-428d-bada-096e3e0a72a4', '2', 263, 1),
('bfde364b-468a-49ab-9e8a-34fa6ed54dc4', '22', 307, 1),
('c07fec6d-bf76-401b-9cdf-4006f1c7db72', '2', 254, 1),
('c0e62128-1769-44da-b6f5-80a888d58431', '颜色', 191, 1),
('c16fabaf-6e61-4670-b49f-e109ac1c6a52', '2', 258, 1),
('c187b8df-35a8-45fa-a517-a3d151835a5d', '2', 250, 1),
('c19ebf33-258f-4f65-b5ae-88066cde3f0f', '1', 356, 1),
('c25f2f92-1bbc-4152-a6d6-31c58c9bbd67', '颜色', 204, 1),
('c2ddb8af-3659-4f32-9e1b-f9cf73659e01', '颜色', 219, 1),
('c4ac5c34-750c-4bfe-bbc5-3aa7c6b79391', '22', 315, 1),
('c57720bb-b2aa-407f-bea0-05f741d262e9', '1', 291, 1),
('c709dc00-97cb-4b8b-bee2-c0901db2c44d', '颜色', 220, 1),
('c7204eda-67e3-416b-aec7-b662e5aef332', '2', 238, 1),
('c7cb20c8-997d-4f7d-a124-1ed5d9a77db1', '颜色', 197, 1),
('ca64d5b3-9b2e-444b-9a7b-46f4c5fd5a65', '颜色', 228, 1),
('cb554918-cbca-467e-a180-8ab345f3cbe3', '2', 259, 1),
('cd572fec-c9d1-4a90-9857-73b1542fd414', '1', 351, 1),
('ce5be01a-d215-4393-8cf1-c8adefb42900', '1', 288, 1),
('d1a963f5-7fe9-4396-93d6-a0b226999aaf', '颜色', 364, 1),
('d223aa66-9813-4475-b272-2f0175dd0f4a', '1', 338, 1),
('d2bdf544-52d8-430a-a9dc-56a43aa0f586', '1', 346, 1),
('d706701f-3d09-4380-94b2-2fa750f669f2', '2', 261, 1),
('d7d4d883-cd10-48af-a855-b3d26c449471', '22', 323, 1),
('d85c4cba-28e1-461c-98dd-5882f2727218', '1', 359, 1),
('d98ac6d2-41e8-41d3-b9e6-6f3889322f4c', '1', 358, 1),
('da80fcc0-0b56-430c-8908-37ccd3c5d9ab', '2', 245, 1),
('daf1e3b7-2b63-4853-9638-cb1af5547c1e', '颜色', 208, 1),
('db7e0281-f86c-4d7a-aaeb-fbc8944b1e07', '2', 265, 1),
('dcd2945b-b2e5-4d9a-9d57-4e9765c261f3', '颜色', 194, 1),
('dcf69670-8527-4b77-b281-7ee06d9cd138', '22', 311, 1),
('ddaef74b-729a-452c-8ebb-5f009a14f599', '1', 282, 1),
('de32cfcd-28d9-472f-8aae-8fb65f8b2940', '1', 336, 1),
('df7fa082-57d4-448a-9ff3-cb21572699fe', '2', 262, 1),
('dfa0f32f-208c-4729-8297-c0492bfa2766', '1', 354, 1),
('e30cec8e-711a-453f-8787-b646e7ccb9b2', '1', 330, 1),
('e3ba535b-7866-4d72-801d-05696cfc15a9', '22', 326, 1),
('e8af4406-520f-4e7b-a74b-9411f8185825', '1', 290, 1),
('ea085a71-9f2d-447f-9e8e-8b32d8dbbc15', '颜色', 196, 1),
('eac46a31-3254-4c1e-94b5-fa371f7e8f93', '颜色', 230, 1),
('eb17a411-3c68-4530-b963-8bde6d4b2b5d', '1', 284, 1),
('eb699ce0-a495-4ec5-9386-ab391960823b', '颜色', 211, 1),
('ec5b7b67-7ada-4084-a9d2-f6fe89886a6d', '22', 322, 1),
('ecbe9a7c-f72a-44b4-9d8c-50b8da7909dc', '1', 271, 1),
('ecd9e81b-f9ec-4e5b-9608-90f8c686de9a', '颜色', 217, 1),
('ecf2751f-31bb-4bf7-bc46-3467be0b9d72', '2', 253, 1),
('eee7c8fe-07a8-4c81-8f72-935a0b13ae53', '颜色', 209, 1),
('f2075479-e45a-48b3-bfe4-86d6256d44b2', '1', 337, 1),
('f425ee39-3fb2-4bc7-85ab-c613c87751d4', '2', 236, 1),
('f4b5ec2d-9f0e-46ec-91c1-eec93f785eab', '2', 246, 1),
('f9802eac-fea0-4361-ad4a-ac9e453905bb', '22', 318, 1),
('fbd609e9-8014-47bc-98cf-60bada71174b', '22', 320, 1),
('fe7e02f2-f7b9-4a78-9aef-13e7bf33bb99', '22', 309, 1);

--
-- Indexes for dumped tables
--

--
-- Indexes for table `images`
--
ALTER TABLE `images`
  ADD PRIMARY KEY (`id`);

--
-- Indexes for table `options`
--
ALTER TABLE `options`
  ADD PRIMARY KEY (`optionId`);

--
-- Indexes for table `products`
--
ALTER TABLE `products`
  ADD PRIMARY KEY (`productId`);

--
-- Indexes for table `seller`
--
ALTER TABLE `seller`
  ADD PRIMARY KEY (`ID`);

--
-- Indexes for table `variants`
--
ALTER TABLE `variants`
  ADD PRIMARY KEY (`VId`);

--
-- AUTO_INCREMENT for dumped tables
--

--
-- AUTO_INCREMENT for table `images`
--
ALTER TABLE `images`
  MODIFY `id` int(11) NOT NULL AUTO_INCREMENT, AUTO_INCREMENT=357;

--
-- AUTO_INCREMENT for table `options`
--
ALTER TABLE `options`
  MODIFY `optionId` int(11) NOT NULL AUTO_INCREMENT, AUTO_INCREMENT=520;

--
-- AUTO_INCREMENT for table `products`
--
ALTER TABLE `products`
  MODIFY `productId` int(11) NOT NULL AUTO_INCREMENT, AUTO_INCREMENT=367;

--
-- AUTO_INCREMENT for table `seller`
--
ALTER TABLE `seller`
  MODIFY `ID` int(11) NOT NULL AUTO_INCREMENT, AUTO_INCREMENT=4;
COMMIT;

/*!40101 SET CHARACTER_SET_CLIENT=@OLD_CHARACTER_SET_CLIENT */;
/*!40101 SET CHARACTER_SET_RESULTS=@OLD_CHARACTER_SET_RESULTS */;
/*!40101 SET COLLATION_CONNECTION=@OLD_COLLATION_CONNECTION */;
